Age,M,F
65-69,25664.93015,22089.48229
70-74,13779.82827,16327.00865
75-79,20325.2467,36015.46025
80+,112477.8483,405774.1855
